solver,alpha,fraction
ours,0,0.000000
ours,0.1,0.000000
ours,0.104737,0.000000
ours,0.109699,0.000000
ours,0.114895,0.000000
ours,0.120338,0.000000
ours,0.126038,0.000000
ours,0.132009,0.000000
ours,0.138262,0.000000
ours,0.144812,0.000000
ours,0.151672,0.000000
ours,0.158857,0.000000
ours,0.166382,0.000000
ours,0.174263,0.000000
ours,0.182518,0.000000
ours,0.191164,0.000000
ours,0.20022,0.000000
ours,0.209705,0.000000
ours,0.219639,0.000000
ours,0.230043,0.000000
ours,0.24094,0.000000
ours,0.252354,0.000000
ours,0.264308,0.000000
ours,0.276829,0.000000
ours,0.289942,0.000000
ours,0.303677,0.000000
ours,0.318063,0.000000
ours,0.333129,0.000000
ours,0.34891,0.000000
ours,0.365438,0.000000
ours,0.382749,0.000000
ours,0.400881,0.000000
ours,0.419871,0.000000
ours,0.43976,0.000000
ours,0.460592,0.000000
ours,0.482411,0.000000
ours,0.505263,0.000000
ours,0.529198,0.000000
ours,0.554266,0.000000
ours,0.580523,0.000000
ours,0.608022,0.000000
ours,0.636825,0.000000
ours,0.666992,0.000000
ours,0.698588,0.000000
ours,0.731681,0.000000
ours,0.766341,0.000000
ours,0.802643,0.000000
ours,0.840665,0.000000
ours,0.880488,0.000000
ours,0.922198,0.000000
ours,0.965883,0.000000
ours,1.01164,0.000000
ours,1.05956,0.000000
ours,1.10975,0.000000
ours,1.16232,0.000000
ours,1.21738,0.000000
ours,1.27505,0.000000
ours,1.33545,0.000000
ours,1.39871,0.000000
ours,1.46497,0.000000
ours,1.53437,0.000000
ours,1.60705,0.000000
ours,1.68318,0.000000
ours,1.76291,0.000000
ours,1.84642,0.000000
ours,1.93389,0.000000
ours,2.0255,0.021245
ours,2.12145,0.040879
ours,2.22195,0.043810
ours,2.3272,0.045568
ours,2.43744,0.052454
ours,2.55291,0.055385
ours,2.67384,0.058022
ours,2.8005,0.060073
ours,2.93317,0.062271
ours,3.07211,0.068132
ours,3.21764,0.070037
ours,3.37006,0.071941
ours,3.52971,0.072381
ours,3.69691,0.077949
ours,3.87204,0.079267
ours,4.05546,0.080000
ours,4.24757,0.083516
ours,4.44878,0.086886
ours,4.65953,0.089524
ours,4.88025,0.092601
ours,5.11143,0.095385
ours,5.35357,0.099634
ours,5.60717,0.104908
ours,5.87279,0.109451
ours,6.15099,0.113553
ours,6.44236,0.120440
ours,6.74754,0.127326
ours,7.06718,0.134212
ours,7.40196,0.140659
ours,7.7526,0.147839
ours,8.11984,0.155604
ours,8.50449,0.164542
ours,8.90735,0.174359
ours,9.3293,0.184322
ours,9.77124,0.195751
ours,10.2341,0.203663
ours,10.7189,0.209377
ours,11.2267,0.213480
ours,11.7585,0.219927
ours,12.3155,0.227253
ours,12.8989,0.235165
ours,13.5099,0.240879
ours,14.1499,0.248205
ours,14.8202,0.257436
ours,15.5223,0.264762
ours,16.2576,0.271062
ours,17.0277,0.279560
ours,17.8343,0.289817
ours,18.6791,0.296410
ours,19.564,0.304322
ours,20.4907,0.311209
ours,21.4614,0.317656
ours,22.4781,0.326300
ours,23.5429,0.332454
ours,24.6581,0.339927
ours,25.8262,0.348571
ours,27.0496,0.358535
ours,28.331,0.366740
ours,29.673,0.373187
ours,31.0787,0.380806
ours,32.5509,0.388425
ours,34.0929,0.396190
ours,35.7079,0.401612
ours,37.3994,0.411575
ours,39.171,0.418315
ours,41.0266,0.425788
ours,42.97,0.433260
ours,45.0056,0.441905
ours,47.1375,0.449231
ours,49.3705,0.453919
ours,51.7092,0.459780
ours,54.1587,0.465055
ours,56.7243,0.471941
ours,59.4113,0.479707
ours,62.2257,0.486300
ours,65.1734,0.494652
ours,68.2607,0.500073
ours,71.4943,0.511502
ours,74.881,0.514286
ours,78.4282,0.517216
ours,82.1434,0.522344
ours,86.0346,0.526886
ours,90.1102,0.531722
ours,94.3788,0.535824
ours,98.8496,0.539194
ours,103.532,0.542125
ours,108.437,0.545055
ours,113.573,0.548425
ours,118.953,0.551795
ours,124.588,0.554286
ours,130.49,0.557949
ours,136.672,0.561172
ours,143.146,0.562198
ours,149.927,0.563810
ours,157.029,0.565128
ours,164.468,0.565861
ours,172.259,0.567033
ours,180.419,0.567473
ours,188.965,0.569377
ours,197.917,0.571575
ours,207.292,0.572308
ours,217.112,0.572601
ours,227.397,0.572601
ours,238.169,0.572601
ours,249.451,0.572601
ours,261.268,0.572601
ours,273.644,0.572601
ours,286.607,0.572601
ours,300.184,0.572601
ours,314.404,0.572601
ours,329.297,0.572601
ours,344.896,0.572601
ours,361.234,0.572601
ours,378.346,0.572601
ours,396.269,0.572601
ours,415.04,0.572601
ours,434.701,0.572601
ours,455.294,0.572601
ours,476.861,0.572601
ours,499.451,0.572601
ours,523.11,0.572601
ours,547.89,0.572601
ours,573.844,0.572601
ours,601.028,0.572601
ours,629.499,0.572601
ours,659.319,0.572601
ours,690.551,0.572601
ours,723.263,0.572601
ours,757.525,0.572601
ours,793.41,0.572601
ours,830.994,0.572601
ours,870.359,0.572601
ours,911.589,0.572601
ours,954.772,0.572601
ours,1000,0.572601
newuoa,0,0.000000
newuoa,0.1,0.005128
newuoa,0.104737,0.005128
newuoa,0.109699,0.005128
newuoa,0.114895,0.005128
newuoa,0.120338,0.005128
newuoa,0.126038,0.005128
newuoa,0.132009,0.005128
newuoa,0.138262,0.005128
newuoa,0.144812,0.005128
newuoa,0.151672,0.005128
newuoa,0.158857,0.005128
newuoa,0.166382,0.005128
newuoa,0.174263,0.005128
newuoa,0.182518,0.010256
newuoa,0.191164,0.010256
newuoa,0.20022,0.010256
newuoa,0.209705,0.010256
newuoa,0.219639,0.010256
newuoa,0.230043,0.010256
newuoa,0.24094,0.010256
newuoa,0.252354,0.010256
newuoa,0.264308,0.010256
newuoa,0.276829,0.010256
newuoa,0.289942,0.015385
newuoa,0.303677,0.015385
newuoa,0.318063,0.015385
newuoa,0.333129,0.015385
newuoa,0.34891,0.015385
newuoa,0.365438,0.015385
newuoa,0.382749,0.015385
newuoa,0.400881,0.015385
newuoa,0.419871,0.015385
newuoa,0.43976,0.015385
newuoa,0.460592,0.015385
newuoa,0.482411,0.015385
newuoa,0.505263,0.015385
newuoa,0.529198,0.015385
newuoa,0.554266,0.015385
newuoa,0.580523,0.015385
newuoa,0.608022,0.015385
newuoa,0.636825,0.015385
newuoa,0.666992,0.015385
newuoa,0.698588,0.015385
newuoa,0.731681,0.015385
newuoa,0.766341,0.015385
newuoa,0.802643,0.015385
newuoa,0.840665,0.015385
newuoa,0.880488,0.015385
newuoa,0.922198,0.015385
newuoa,0.965883,0.015385
newuoa,1.01164,0.020513
newuoa,1.05956,0.020513
newuoa,1.10975,0.020513
newuoa,1.16232,0.020513
newuoa,1.21738,0.020513
newuoa,1.27505,0.020513
newuoa,1.33545,0.020513
newuoa,1.39871,0.020513
newuoa,1.46497,0.020513
newuoa,1.53437,0.020513
newuoa,1.60705,0.020513
newuoa,1.68318,0.020513
newuoa,1.76291,0.020513
newuoa,1.84642,0.020513
newuoa,1.93389,0.030769
newuoa,2.0255,0.051868
newuoa,2.12145,0.061978
newuoa,2.22195,0.081465
newuoa,2.3272,0.090549
newuoa,2.43744,0.093187
newuoa,2.55291,0.095531
newuoa,2.67384,0.099048
newuoa,2.8005,0.107839
newuoa,2.93317,0.111355
newuoa,3.07211,0.113407
newuoa,3.21764,0.117070
newuoa,3.37006,0.118095
newuoa,3.52971,0.120733
newuoa,3.69691,0.121758
newuoa,3.87204,0.128205
newuoa,4.05546,0.132015
newuoa,4.24757,0.134066
newuoa,4.44878,0.136117
newuoa,4.65953,0.137436
newuoa,4.88025,0.138901
newuoa,5.11143,0.139341
newuoa,5.35357,0.139634
newuoa,5.60717,0.141245
newuoa,5.87279,0.143004
newuoa,6.15099,0.145201
newuoa,6.44236,0.146520
newuoa,6.74754,0.150037
newuoa,7.06718,0.151941
newuoa,7.40196,0.154579
newuoa,7.7526,0.156484
newuoa,8.11984,0.158388
newuoa,8.50449,0.160440
newuoa,8.90735,0.162051
newuoa,9.3293,0.163516
newuoa,9.77124,0.164249
newuoa,10.2341,0.164982
newuoa,10.7189,0.165275
newuoa,11.2267,0.166154
newuoa,11.7585,0.166593
newuoa,12.3155,0.167473
newuoa,12.8989,0.168498
newuoa,13.5099,0.168938
newuoa,14.1499,0.169084
newuoa,14.8202,0.169084
newuoa,15.5223,0.169670
newuoa,16.2576,0.169670
newuoa,17.0277,0.169817
newuoa,17.8343,0.169817
newuoa,18.6791,0.170256
newuoa,19.564,0.170403
newuoa,20.4907,0.170403
newuoa,21.4614,0.170403
newuoa,22.4781,0.170403
newuoa,23.5429,0.170403
newuoa,24.6581,0.170403
newuoa,25.8262,0.170403
newuoa,27.0496,0.170549
newuoa,28.331,0.170549
newuoa,29.673,0.170549
newuoa,31.0787,0.170549
newuoa,32.5509,0.170696
newuoa,34.0929,0.171136
newuoa,35.7079,0.171136
newuoa,37.3994,0.171136
newuoa,39.171,0.171136
newuoa,41.0266,0.171575
newuoa,42.97,0.171722
newuoa,45.0056,0.171722
newuoa,47.1375,0.171722
newuoa,49.3705,0.171722
newuoa,51.7092,0.172161
newuoa,54.1587,0.172161
newuoa,56.7243,0.172161
newuoa,59.4113,0.172308
newuoa,62.2257,0.172894
newuoa,65.1734,0.172894
newuoa,68.2607,0.172894
newuoa,71.4943,0.173040
newuoa,74.881,0.173040
newuoa,78.4282,0.173040
newuoa,82.1434,0.173040
newuoa,86.0346,0.173040
newuoa,90.1102,0.173040
newuoa,94.3788,0.173040
newuoa,98.8496,0.173040
newuoa,103.532,0.173040
newuoa,108.437,0.173040
newuoa,113.573,0.173040
newuoa,118.953,0.173040
newuoa,124.588,0.173040
newuoa,130.49,0.173040
newuoa,136.672,0.173040
newuoa,143.146,0.173040
newuoa,149.927,0.173040
newuoa,157.029,0.173040
newuoa,164.468,0.173040
newuoa,172.259,0.173040
newuoa,180.419,0.173040
newuoa,188.965,0.173040
newuoa,197.917,0.173040
newuoa,207.292,0.173040
newuoa,217.112,0.173040
newuoa,227.397,0.173040
newuoa,238.169,0.173040
newuoa,249.451,0.173040
newuoa,261.268,0.173040
newuoa,273.644,0.173040
newuoa,286.607,0.173040
newuoa,300.184,0.173040
newuoa,314.404,0.173040
newuoa,329.297,0.173040
newuoa,344.896,0.173040
newuoa,361.234,0.173040
newuoa,378.346,0.173040
newuoa,396.269,0.173040
newuoa,415.04,0.173040
newuoa,434.701,0.173040
newuoa,455.294,0.173040
newuoa,476.861,0.173040
newuoa,499.451,0.173040
newuoa,523.11,0.173040
newuoa,547.89,0.173040
newuoa,573.844,0.173040
newuoa,601.028,0.173040
newuoa,629.499,0.173040
newuoa,659.319,0.173040
newuoa,690.551,0.173040
newuoa,723.263,0.173040
newuoa,757.525,0.173040
newuoa,793.41,0.173040
newuoa,830.994,0.173040
newuoa,870.359,0.173040
newuoa,911.589,0.173040
newuoa,954.772,0.173040
newuoa,1000,0.173040
bobyqa,0,0.000000
bobyqa,0.1,0.005128
bobyqa,0.104737,0.005128
bobyqa,0.109699,0.005128
bobyqa,0.114895,0.005128
bobyqa,0.120338,0.005128
bobyqa,0.126038,0.005128
bobyqa,0.132009,0.005128
bobyqa,0.138262,0.005128
bobyqa,0.144812,0.005128
bobyqa,0.151672,0.005128
bobyqa,0.158857,0.005128
bobyqa,0.166382,0.005128
bobyqa,0.174263,0.005128
bobyqa,0.182518,0.010256
bobyqa,0.191164,0.010256
bobyqa,0.20022,0.010256
bobyqa,0.209705,0.010256
bobyqa,0.219639,0.010256
bobyqa,0.230043,0.010256
bobyqa,0.24094,0.010256
bobyqa,0.252354,0.010256
bobyqa,0.264308,0.010256
bobyqa,0.276829,0.010256
bobyqa,0.289942,0.015385
bobyqa,0.303677,0.015385
bobyqa,0.318063,0.015385
bobyqa,0.333129,0.015385
bobyqa,0.34891,0.015385
bobyqa,0.365438,0.015385
bobyqa,0.382749,0.015385
bobyqa,0.400881,0.015385
bobyqa,0.419871,0.015385
bobyqa,0.43976,0.015385
bobyqa,0.460592,0.015385
bobyqa,0.482411,0.015385
bobyqa,0.505263,0.015385
bobyqa,0.529198,0.015385
bobyqa,0.554266,0.015385
bobyqa,0.580523,0.015385
bobyqa,0.608022,0.015385
bobyqa,0.636825,0.015385
bobyqa,0.666992,0.015385
bobyqa,0.698588,0.015385
bobyqa,0.731681,0.015385
bobyqa,0.766341,0.015385
bobyqa,0.802643,0.015385
bobyqa,0.840665,0.015385
bobyqa,0.880488,0.015385
bobyqa,0.922198,0.015385
bobyqa,0.965883,0.015385
bobyqa,1.01164,0.020513
bobyqa,1.05956,0.020513
bobyqa,1.10975,0.020513
bobyqa,1.16232,0.020513
bobyqa,1.21738,0.020513
bobyqa,1.27505,0.020513
bobyqa,1.33545,0.020513
bobyqa,1.39871,0.020513
bobyqa,1.46497,0.020513
bobyqa,1.53437,0.020513
bobyqa,1.60705,0.020513
bobyqa,1.68318,0.020513
bobyqa,1.76291,0.020513
bobyqa,1.84642,0.020513
bobyqa,1.93389,0.030769
bobyqa,2.0255,0.051136
bobyqa,2.12145,0.058022
bobyqa,2.22195,0.076484
bobyqa,2.3272,0.086740
bobyqa,2.43744,0.092015
bobyqa,2.55291,0.100806
bobyqa,2.67384,0.105201
bobyqa,2.8005,0.112674
bobyqa,2.93317,0.116630
bobyqa,3.07211,0.119707
bobyqa,3.21764,0.121319
bobyqa,3.37006,0.124542
bobyqa,3.52971,0.125128
bobyqa,3.69691,0.126740
bobyqa,3.87204,0.127619
bobyqa,4.05546,0.129963
bobyqa,4.24757,0.131282
bobyqa,4.44878,0.133333
bobyqa,4.65953,0.134212
bobyqa,4.88025,0.135971
bobyqa,5.11143,0.139927
bobyqa,5.35357,0.140952
bobyqa,5.60717,0.142418
bobyqa,5.87279,0.142857
bobyqa,6.15099,0.143590
bobyqa,6.44236,0.144029
bobyqa,6.74754,0.144322
bobyqa,7.06718,0.144615
bobyqa,7.40196,0.144762
bobyqa,7.7526,0.145055
bobyqa,8.11984,0.145055
bobyqa,8.50449,0.145348
bobyqa,8.90735,0.145934
bobyqa,9.3293,0.145934
bobyqa,9.77124,0.146081
bobyqa,10.2341,0.146374
bobyqa,10.7189,0.146520
bobyqa,11.2267,0.146520
bobyqa,11.7585,0.146520
bobyqa,12.3155,0.146520
bobyqa,12.8989,0.146520
bobyqa,13.5099,0.146520
bobyqa,14.1499,0.146520
bobyqa,14.8202,0.146520
bobyqa,15.5223,0.146520
bobyqa,16.2576,0.146520
bobyqa,17.0277,0.146520
bobyqa,17.8343,0.146520
bobyqa,18.6791,0.146520
bobyqa,19.564,0.146520
bobyqa,20.4907,0.146520
bobyqa,21.4614,0.146520
bobyqa,22.4781,0.146520
bobyqa,23.5429,0.146520
bobyqa,24.6581,0.146667
bobyqa,25.8262,0.146667
bobyqa,27.0496,0.146667
bobyqa,28.331,0.146667
bobyqa,29.673,0.146667
bobyqa,31.0787,0.146667
bobyqa,32.5509,0.146667
bobyqa,34.0929,0.146667
bobyqa,35.7079,0.146667
bobyqa,37.3994,0.146667
bobyqa,39.171,0.146667
bobyqa,41.0266,0.146667
bobyqa,42.97,0.146667
bobyqa,45.0056,0.146667
bobyqa,47.1375,0.146667
bobyqa,49.3705,0.146667
bobyqa,51.7092,0.146667
bobyqa,54.1587,0.146667
bobyqa,56.7243,0.146667
bobyqa,59.4113,0.146667
bobyqa,62.2257,0.146667
bobyqa,65.1734,0.146667
bobyqa,68.2607,0.146667
bobyqa,71.4943,0.146667
bobyqa,74.881,0.146667
bobyqa,78.4282,0.146667
bobyqa,82.1434,0.146667
bobyqa,86.0346,0.146667
bobyqa,90.1102,0.146667
bobyqa,94.3788,0.146667
bobyqa,98.8496,0.146667
bobyqa,103.532,0.146667
bobyqa,108.437,0.146667
bobyqa,113.573,0.146667
bobyqa,118.953,0.146667
bobyqa,124.588,0.146667
bobyqa,130.49,0.146667
bobyqa,136.672,0.146667
bobyqa,143.146,0.146667
bobyqa,149.927,0.146667
bobyqa,157.029,0.146667
bobyqa,164.468,0.146667
bobyqa,172.259,0.146667
bobyqa,180.419,0.146667
bobyqa,188.965,0.146667
bobyqa,197.917,0.146667
bobyqa,207.292,0.146667
bobyqa,217.112,0.146667
bobyqa,227.397,0.146667
bobyqa,238.169,0.146667
bobyqa,249.451,0.146667
bobyqa,261.268,0.146667
bobyqa,273.644,0.146667
bobyqa,286.607,0.146667
bobyqa,300.184,0.146667
bobyqa,314.404,0.146667
bobyqa,329.297,0.146667
bobyqa,344.896,0.146667
bobyqa,361.234,0.146667
bobyqa,378.346,0.146667
bobyqa,396.269,0.146667
bobyqa,415.04,0.146667
bobyqa,434.701,0.146667
bobyqa,455.294,0.146667
bobyqa,476.861,0.146667
bobyqa,499.451,0.146667
bobyqa,523.11,0.146667
bobyqa,547.89,0.146667
bobyqa,573.844,0.146667
bobyqa,601.028,0.146667
bobyqa,629.499,0.146667
bobyqa,659.319,0.146667
bobyqa,690.551,0.146667
bobyqa,723.263,0.146667
bobyqa,757.525,0.146667
bobyqa,793.41,0.146667
bobyqa,830.994,0.146667
bobyqa,870.359,0.146667
bobyqa,911.589,0.146667
bobyqa,954.772,0.146667
bobyqa,1000,0.146667
pybobyqa,0,0.000000
pybobyqa,0.1,0.000000
pybobyqa,0.104737,0.000000
pybobyqa,0.109699,0.000000
pybobyqa,0.114895,0.000000
pybobyqa,0.120338,0.000000
pybobyqa,0.126038,0.000000
pybobyqa,0.132009,0.000000
pybobyqa,0.138262,0.000000
pybobyqa,0.144812,0.000000
pybobyqa,0.151672,0.000000
pybobyqa,0.158857,0.000000
pybobyqa,0.166382,0.000000
pybobyqa,0.174263,0.000000
pybobyqa,0.182518,0.000000
pybobyqa,0.191164,0.000000
pybobyqa,0.20022,0.000000
pybobyqa,0.209705,0.000000
pybobyqa,0.219639,0.000000
pybobyqa,0.230043,0.000000
pybobyqa,0.24094,0.000000
pybobyqa,0.252354,0.000000
pybobyqa,0.264308,0.000000
pybobyqa,0.276829,0.000000
pybobyqa,0.289942,0.000000
pybobyqa,0.303677,0.000000
pybobyqa,0.318063,0.000000
pybobyqa,0.333129,0.000000
pybobyqa,0.34891,0.000000
pybobyqa,0.365438,0.000000
pybobyqa,0.382749,0.000000
pybobyqa,0.400881,0.000000
pybobyqa,0.419871,0.000000
pybobyqa,0.43976,0.000000
pybobyqa,0.460592,0.000000
pybobyqa,0.482411,0.000000
pybobyqa,0.505263,0.000000
pybobyqa,0.529198,0.002784
pybobyqa,0.554266,0.002784
pybobyqa,0.580523,0.002784
pybobyqa,0.608022,0.002784
pybobyqa,0.636825,0.002784
pybobyqa,0.666992,0.002784
pybobyqa,0.698588,0.002784
pybobyqa,0.731681,0.002930
pybobyqa,0.766341,0.002930
pybobyqa,0.802643,0.002930
pybobyqa,0.840665,0.002930
pybobyqa,0.880488,0.002930
pybobyqa,0.922198,0.002930
pybobyqa,0.965883,0.002930
pybobyqa,1.01164,0.002930
pybobyqa,1.05956,0.002930
pybobyqa,1.10975,0.002930
pybobyqa,1.16232,0.002930
pybobyqa,1.21738,0.002930
pybobyqa,1.27505,0.002930
pybobyqa,1.33545,0.002930
pybobyqa,1.39871,0.002930
pybobyqa,1.46497,0.002930
pybobyqa,1.53437,0.002930
pybobyqa,1.60705,0.002930
pybobyqa,1.68318,0.002930
pybobyqa,1.76291,0.002930
pybobyqa,1.84642,0.002930
pybobyqa,1.93389,0.002930
pybobyqa,2.0255,0.002930
pybobyqa,2.12145,0.002930
pybobyqa,2.22195,0.002930
pybobyqa,2.3272,0.002930
pybobyqa,2.43744,0.002930
pybobyqa,2.55291,0.002930
pybobyqa,2.67384,0.002930
pybobyqa,2.8005,0.003810
pybobyqa,2.93317,0.003810
pybobyqa,3.07211,0.003810
pybobyqa,3.21764,0.003810
pybobyqa,3.37006,0.003810
pybobyqa,3.52971,0.003810
pybobyqa,3.69691,0.003810
pybobyqa,3.87204,0.003810
pybobyqa,4.05546,0.003810
pybobyqa,4.24757,0.003810
pybobyqa,4.44878,0.004103
pybobyqa,4.65953,0.005128
pybobyqa,4.88025,0.006447
pybobyqa,5.11143,0.007326
pybobyqa,5.35357,0.008791
pybobyqa,5.60717,0.009817
pybobyqa,5.87279,0.011575
pybobyqa,6.15099,0.013773
pybobyqa,6.44236,0.015238
pybobyqa,6.74754,0.017875
pybobyqa,7.06718,0.020366
pybobyqa,7.40196,0.022711
pybobyqa,7.7526,0.025348
pybobyqa,8.11984,0.027985
pybobyqa,8.50449,0.031795
pybobyqa,8.90735,0.037656
pybobyqa,9.3293,0.043516
pybobyqa,9.77124,0.048645
pybobyqa,10.2341,0.052015
pybobyqa,10.7189,0.055678
pybobyqa,11.2267,0.064029
pybobyqa,11.7585,0.069744
pybobyqa,12.3155,0.077070
pybobyqa,12.8989,0.085421
pybobyqa,13.5099,0.091722
pybobyqa,14.1499,0.099048
pybobyqa,14.8202,0.106667
pybobyqa,15.5223,0.113260
pybobyqa,16.2576,0.120000
pybobyqa,17.0277,0.128938
pybobyqa,17.8343,0.135238
pybobyqa,18.6791,0.141538
pybobyqa,19.564,0.144908
pybobyqa,20.4907,0.149011
pybobyqa,21.4614,0.153700
pybobyqa,22.4781,0.155604
pybobyqa,23.5429,0.160440
pybobyqa,24.6581,0.164249
pybobyqa,25.8262,0.168498
pybobyqa,27.0496,0.173040
pybobyqa,28.331,0.176557
pybobyqa,29.673,0.180220
pybobyqa,31.0787,0.184029
pybobyqa,32.5509,0.187106
pybobyqa,34.0929,0.190476
pybobyqa,35.7079,0.193700
pybobyqa,37.3994,0.196044
pybobyqa,39.171,0.198242
pybobyqa,41.0266,0.201612
pybobyqa,42.97,0.205128
pybobyqa,45.0056,0.207473
pybobyqa,47.1375,0.209817
pybobyqa,49.3705,0.212454
pybobyqa,51.7092,0.214505
pybobyqa,54.1587,0.217582
pybobyqa,56.7243,0.220513
pybobyqa,59.4113,0.222711
pybobyqa,62.2257,0.225934
pybobyqa,65.1734,0.227546
pybobyqa,68.2607,0.230037
pybobyqa,71.4943,0.233407
pybobyqa,74.881,0.236190
pybobyqa,78.4282,0.238242
pybobyqa,82.1434,0.240440
pybobyqa,86.0346,0.242784
pybobyqa,90.1102,0.245568
pybobyqa,94.3788,0.247766
pybobyqa,98.8496,0.249524
pybobyqa,103.532,0.250989
pybobyqa,108.437,0.254652
pybobyqa,113.573,0.256410
pybobyqa,118.953,0.259927
pybobyqa,124.588,0.263150
pybobyqa,130.49,0.266227
pybobyqa,136.672,0.269158
pybobyqa,143.146,0.270623
pybobyqa,149.927,0.271209
pybobyqa,157.029,0.271941
pybobyqa,164.468,0.273114
pybobyqa,172.259,0.274139
pybobyqa,180.419,0.275311
pybobyqa,188.965,0.277802
pybobyqa,197.917,0.279267
pybobyqa,207.292,0.280586
pybobyqa,217.112,0.281612
pybobyqa,227.397,0.281612
pybobyqa,238.169,0.281612
pybobyqa,249.451,0.281612
pybobyqa,261.268,0.281612
pybobyqa,273.644,0.281612
pybobyqa,286.607,0.281612
pybobyqa,300.184,0.281612
pybobyqa,314.404,0.281612
pybobyqa,329.297,0.281612
pybobyqa,344.896,0.281612
pybobyqa,361.234,0.281612
pybobyqa,378.346,0.281612
pybobyqa,396.269,0.281612
pybobyqa,415.04,0.281612
pybobyqa,434.701,0.281612
pybobyqa,455.294,0.281612
pybobyqa,476.861,0.281612
pybobyqa,499.451,0.281612
pybobyqa,523.11,0.281612
pybobyqa,547.89,0.281612
pybobyqa,573.844,0.281612
pybobyqa,601.028,0.281612
pybobyqa,629.499,0.281612
pybobyqa,659.319,0.281612
pybobyqa,690.551,0.281612
pybobyqa,723.263,0.281612
pybobyqa,757.525,0.281612
pybobyqa,793.41,0.281612
pybobyqa,830.994,0.281612
pybobyqa,870.359,0.281612
pybobyqa,911.589,0.281612
pybobyqa,954.772,0.281612
pybobyqa,1000,0.281612
neldermead,0,0.000000
neldermead,0.1,0.000000
neldermead,0.104737,0.000000
neldermead,0.109699,0.000000
neldermead,0.114895,0.000000
neldermead,0.120338,0.000000
neldermead,0.126038,0.000000
neldermead,0.132009,0.000000
neldermead,0.138262,0.000000
neldermead,0.144812,0.000000
neldermead,0.151672,0.000000
neldermead,0.158857,0.000000
neldermead,0.166382,0.000000
neldermead,0.174263,0.000000
neldermead,0.182518,0.000000
neldermead,0.191164,0.000000
neldermead,0.20022,0.000000
neldermead,0.209705,0.000000
neldermead,0.219639,0.000000
neldermead,0.230043,0.000000
neldermead,0.24094,0.000000
neldermead,0.252354,0.000000
neldermead,0.264308,0.000000
neldermead,0.276829,0.000000
neldermead,0.289942,0.000000
neldermead,0.303677,0.000000
neldermead,0.318063,0.000000
neldermead,0.333129,0.000000
neldermead,0.34891,0.000000
neldermead,0.365438,0.000000
neldermead,0.382749,0.000000
neldermead,0.400881,0.000000
neldermead,0.419871,0.000000
neldermead,0.43976,0.000000
neldermead,0.460592,0.000000
neldermead,0.482411,0.000000
neldermead,0.505263,0.000000
neldermead,0.529198,0.000000
neldermead,0.554266,0.000000
neldermead,0.580523,0.000000
neldermead,0.608022,0.000000
neldermead,0.636825,0.000000
neldermead,0.666992,0.000000
neldermead,0.698588,0.000000
neldermead,0.731681,0.000000
neldermead,0.766341,0.000000
neldermead,0.802643,0.000000
neldermead,0.840665,0.000000
neldermead,0.880488,0.000000
neldermead,0.922198,0.000000
neldermead,0.965883,0.000000
neldermead,1.01164,0.000000
neldermead,1.05956,0.000440
neldermead,1.10975,0.000879
neldermead,1.16232,0.000879
neldermead,1.21738,0.001319
neldermead,1.27505,0.002198
neldermead,1.33545,0.002637
neldermead,1.39871,0.002637
neldermead,1.46497,0.002637
neldermead,1.53437,0.002637
neldermead,1.60705,0.003077
neldermead,1.68318,0.003077
neldermead,1.76291,0.003077
neldermead,1.84642,0.003077
neldermead,1.93389,0.003516
neldermead,2.0255,0.003516
neldermead,2.12145,0.003516
neldermead,2.22195,0.003516
neldermead,2.3272,0.003516
neldermead,2.43744,0.003516
neldermead,2.55291,0.003516
neldermead,2.67384,0.003516
neldermead,2.8005,0.003516
neldermead,2.93317,0.003516
neldermead,3.07211,0.003516
neldermead,3.21764,0.003516
neldermead,3.37006,0.003516
neldermead,3.52971,0.003516
neldermead,3.69691,0.003516
neldermead,3.87204,0.004249
neldermead,4.05546,0.004835
neldermead,4.24757,0.005128
neldermead,4.44878,0.005714
neldermead,4.65953,0.006300
neldermead,4.88025,0.006300
neldermead,5.11143,0.007473
neldermead,5.35357,0.009670
neldermead,5.60717,0.009817
neldermead,5.87279,0.010110
neldermead,6.15099,0.010696
neldermead,6.44236,0.010989
neldermead,6.74754,0.011282
neldermead,7.06718,0.011868
neldermead,7.40196,0.015092
neldermead,7.7526,0.016703
neldermead,8.11984,0.018755
neldermead,8.50449,0.020659
neldermead,8.90735,0.022125
neldermead,9.3293,0.025201
neldermead,9.77124,0.027253
neldermead,10.2341,0.028425
neldermead,10.7189,0.028571
neldermead,11.2267,0.029158
neldermead,11.7585,0.030037
neldermead,12.3155,0.030769
neldermead,12.8989,0.032821
neldermead,13.5099,0.033993
neldermead,14.1499,0.034432
neldermead,14.8202,0.035751
neldermead,15.5223,0.036337
neldermead,16.2576,0.036484
neldermead,17.0277,0.037509
neldermead,17.8343,0.038242
neldermead,18.6791,0.038388
neldermead,19.564,0.038974
neldermead,20.4907,0.038974
neldermead,21.4614,0.039707
neldermead,22.4781,0.041026
neldermead,23.5429,0.041905
neldermead,24.6581,0.042051
neldermead,25.8262,0.042637
neldermead,27.0496,0.043516
neldermead,28.331,0.044249
neldermead,29.673,0.044542
neldermead,31.0787,0.044982
neldermead,32.5509,0.045275
neldermead,34.0929,0.045714
neldermead,35.7079,0.045714
neldermead,37.3994,0.046154
neldermead,39.171,0.046300
neldermead,41.0266,0.046447
neldermead,42.97,0.046447
neldermead,45.0056,0.047033
neldermead,47.1375,0.047033
neldermead,49.3705,0.047033
neldermead,51.7092,0.047033
neldermead,54.1587,0.047033
neldermead,56.7243,0.047033
neldermead,59.4113,0.047033
neldermead,62.2257,0.047179
neldermead,65.1734,0.047179
neldermead,68.2607,0.047179
neldermead,71.4943,0.047179
neldermead,74.881,0.047179
neldermead,78.4282,0.047179
neldermead,82.1434,0.047179
neldermead,86.0346,0.047179
neldermead,90.1102,0.047179
neldermead,94.3788,0.047179
neldermead,98.8496,0.047619
neldermead,103.532,0.048059
neldermead,108.437,0.048059
neldermead,113.573,0.048059
neldermead,118.953,0.048059
neldermead,124.588,0.048059
neldermead,130.49,0.048059
neldermead,136.672,0.048059
neldermead,143.146,0.048498
neldermead,149.927,0.048498
neldermead,157.029,0.048498
neldermead,164.468,0.048498
neldermead,172.259,0.048498
neldermead,180.419,0.048498
neldermead,188.965,0.048498
neldermead,197.917,0.048498
neldermead,207.292,0.048938
neldermead,217.112,0.048938
neldermead,227.397,0.048938
neldermead,238.169,0.048938
neldermead,249.451,0.048938
neldermead,261.268,0.048938
neldermead,273.644,0.048938
neldermead,286.607,0.048938
neldermead,300.184,0.048938
neldermead,314.404,0.048938
neldermead,329.297,0.048938
neldermead,344.896,0.048938
neldermead,361.234,0.048938
neldermead,378.346,0.048938
neldermead,396.269,0.048938
neldermead,415.04,0.048938
neldermead,434.701,0.048938
neldermead,455.294,0.048938
neldermead,476.861,0.048938
neldermead,499.451,0.048938
neldermead,523.11,0.048938
neldermead,547.89,0.048938
neldermead,573.844,0.048938
neldermead,601.028,0.048938
neldermead,629.499,0.048938
neldermead,659.319,0.048938
neldermead,690.551,0.048938
neldermead,723.263,0.048938
neldermead,757.525,0.048938
neldermead,793.41,0.048938
neldermead,830.994,0.048938
neldermead,870.359,0.048938
neldermead,911.589,0.048938
neldermead,954.772,0.048938
neldermead,1000,0.048938
bfgs-fd,0,0.000000
bfgs-fd,0.1,0.000000
bfgs-fd,0.104737,0.000000
bfgs-fd,0.109699,0.000000
bfgs-fd,0.114895,0.000000
bfgs-fd,0.120338,0.000000
bfgs-fd,0.126038,0.000000
bfgs-fd,0.132009,0.000000
bfgs-fd,0.138262,0.000000
bfgs-fd,0.144812,0.000000
bfgs-fd,0.151672,0.000000
bfgs-fd,0.158857,0.000000
bfgs-fd,0.166382,0.000000
bfgs-fd,0.174263,0.000000
bfgs-fd,0.182518,0.000000
bfgs-fd,0.191164,0.000000
bfgs-fd,0.20022,0.000000
bfgs-fd,0.209705,0.000000
bfgs-fd,0.219639,0.000000
bfgs-fd,0.230043,0.000000
bfgs-fd,0.24094,0.000000
bfgs-fd,0.252354,0.000000
bfgs-fd,0.264308,0.000000
bfgs-fd,0.276829,0.000000
bfgs-fd,0.289942,0.000000
bfgs-fd,0.303677,0.000000
bfgs-fd,0.318063,0.000000
bfgs-fd,0.333129,0.000000
bfgs-fd,0.34891,0.000000
bfgs-fd,0.365438,0.000000
bfgs-fd,0.382749,0.000000
bfgs-fd,0.400881,0.000000
bfgs-fd,0.419871,0.000000
bfgs-fd,0.43976,0.000000
bfgs-fd,0.460592,0.000000
bfgs-fd,0.482411,0.000000
bfgs-fd,0.505263,0.000000
bfgs-fd,0.529198,0.000000
bfgs-fd,0.554266,0.000000
bfgs-fd,0.580523,0.000000
bfgs-fd,0.608022,0.000000
bfgs-fd,0.636825,0.000000
bfgs-fd,0.666992,0.000000
bfgs-fd,0.698588,0.000000
bfgs-fd,0.731681,0.000000
bfgs-fd,0.766341,0.000000
bfgs-fd,0.802643,0.000000
bfgs-fd,0.840665,0.000000
bfgs-fd,0.880488,0.000000
bfgs-fd,0.922198,0.000000
bfgs-fd,0.965883,0.000000
bfgs-fd,1.01164,0.000000
bfgs-fd,1.05956,0.000733
bfgs-fd,1.10975,0.000733
bfgs-fd,1.16232,0.001319
bfgs-fd,1.21738,0.001319
bfgs-fd,1.27505,0.001319
bfgs-fd,1.33545,0.001319
bfgs-fd,1.39871,0.001319
bfgs-fd,1.46497,0.001319
bfgs-fd,1.53437,0.001319
bfgs-fd,1.60705,0.001319
bfgs-fd,1.68318,0.001319
bfgs-fd,1.76291,0.001319
bfgs-fd,1.84642,0.001319
bfgs-fd,1.93389,0.001319
bfgs-fd,2.0255,0.001319
bfgs-fd,2.12145,0.002051
bfgs-fd,2.22195,0.002784
bfgs-fd,2.3272,0.002784
bfgs-fd,2.43744,0.002784
bfgs-fd,2.55291,0.002784
bfgs-fd,2.67384,0.002784
bfgs-fd,2.8005,0.002784
bfgs-fd,2.93317,0.002784
bfgs-fd,3.07211,0.004249
bfgs-fd,3.21764,0.005128
bfgs-fd,3.37006,0.005421
bfgs-fd,3.52971,0.005568
bfgs-fd,3.69691,0.005568
bfgs-fd,3.87204,0.005568
bfgs-fd,4.05546,0.005568
bfgs-fd,4.24757,0.005568
bfgs-fd,4.44878,0.005568
bfgs-fd,4.65953,0.005568
bfgs-fd,4.88025,0.005568
bfgs-fd,5.11143,0.005568
bfgs-fd,5.35357,0.005861
bfgs-fd,5.60717,0.005861
bfgs-fd,5.87279,0.005861
bfgs-fd,6.15099,0.006007
bfgs-fd,6.44236,0.006007
bfgs-fd,6.74754,0.006007
bfgs-fd,7.06718,0.006007
bfgs-fd,7.40196,0.006007
bfgs-fd,7.7526,0.006007
bfgs-fd,8.11984,0.006007
bfgs-fd,8.50449,0.006007
bfgs-fd,8.90735,0.006007
bfgs-fd,9.3293,0.006007
bfgs-fd,9.77124,0.006007
bfgs-fd,10.2341,0.006007
bfgs-fd,10.7189,0.006007
bfgs-fd,11.2267,0.006007
bfgs-fd,11.7585,0.006007
bfgs-fd,12.3155,0.006007
bfgs-fd,12.8989,0.006007
bfgs-fd,13.5099,0.006154
bfgs-fd,14.1499,0.006154
bfgs-fd,14.8202,0.006154
bfgs-fd,15.5223,0.006593
bfgs-fd,16.2576,0.006593
bfgs-fd,17.0277,0.006593
bfgs-fd,17.8343,0.006593
bfgs-fd,18.6791,0.006593
bfgs-fd,19.564,0.006593
bfgs-fd,20.4907,0.006593
bfgs-fd,21.4614,0.006593
bfgs-fd,22.4781,0.006593
bfgs-fd,23.5429,0.006593
bfgs-fd,24.6581,0.006593
bfgs-fd,25.8262,0.006593
bfgs-fd,27.0496,0.006593
bfgs-fd,28.331,0.006593
bfgs-fd,29.673,0.006593
bfgs-fd,31.0787,0.006593
bfgs-fd,32.5509,0.006593
bfgs-fd,34.0929,0.006593
bfgs-fd,35.7079,0.006593
bfgs-fd,37.3994,0.006593
bfgs-fd,39.171,0.006593
bfgs-fd,41.0266,0.006593
bfgs-fd,42.97,0.006593
bfgs-fd,45.0056,0.006593
bfgs-fd,47.1375,0.006593
bfgs-fd,49.3705,0.006593
bfgs-fd,51.7092,0.006593
bfgs-fd,54.1587,0.006593
bfgs-fd,56.7243,0.006593
bfgs-fd,59.4113,0.006593
bfgs-fd,62.2257,0.006593
bfgs-fd,65.1734,0.006593
bfgs-fd,68.2607,0.006593
bfgs-fd,71.4943,0.006593
bfgs-fd,74.881,0.006593
bfgs-fd,78.4282,0.006593
bfgs-fd,82.1434,0.006593
bfgs-fd,86.0346,0.006593
bfgs-fd,90.1102,0.006593
bfgs-fd,94.3788,0.006593
bfgs-fd,98.8496,0.006593
bfgs-fd,103.532,0.006593
bfgs-fd,108.437,0.006593
bfgs-fd,113.573,0.006593
bfgs-fd,118.953,0.006593
bfgs-fd,124.588,0.006593
bfgs-fd,130.49,0.006593
bfgs-fd,136.672,0.006593
bfgs-fd,143.146,0.006593
bfgs-fd,149.927,0.006593
bfgs-fd,157.029,0.006593
bfgs-fd,164.468,0.006593
bfgs-fd,172.259,0.006593
bfgs-fd,180.419,0.006593
bfgs-fd,188.965,0.006593
bfgs-fd,197.917,0.006593
bfgs-fd,207.292,0.006593
bfgs-fd,217.112,0.006593
bfgs-fd,227.397,0.006593
bfgs-fd,238.169,0.006593
bfgs-fd,249.451,0.006593
bfgs-fd,261.268,0.006593
bfgs-fd,273.644,0.006593
bfgs-fd,286.607,0.006593
bfgs-fd,300.184,0.006593
bfgs-fd,314.404,0.006593
bfgs-fd,329.297,0.006593
bfgs-fd,344.896,0.006593
bfgs-fd,361.234,0.006593
bfgs-fd,378.346,0.006593
bfgs-fd,396.269,0.006593
bfgs-fd,415.04,0.006593
bfgs-fd,434.701,0.006593
bfgs-fd,455.294,0.006593
bfgs-fd,476.861,0.006593
bfgs-fd,499.451,0.006593
bfgs-fd,523.11,0.006593
bfgs-fd,547.89,0.006593
bfgs-fd,573.844,0.006593
bfgs-fd,601.028,0.006593
bfgs-fd,629.499,0.006593
bfgs-fd,659.319,0.006593
bfgs-fd,690.551,0.006593
bfgs-fd,723.263,0.006593
bfgs-fd,757.525,0.006593
bfgs-fd,793.41,0.006593
bfgs-fd,830.994,0.006593
bfgs-fd,870.359,0.006593
bfgs-fd,911.589,0.006593
bfgs-fd,954.772,0.006593
bfgs-fd,1000,0.006593